{
    "name": "FFTRadNet_matlab",
    "seed":3,
    "model": {
        "backbone_block": [3, 6, 6, 3],
        "channels": [32,40,48,56],
        "MIMO_output": 192,
        "DetectionHead": "True",
        "SegmentationHead": "False"
    },
    "dataset": {
        "root_dir": "/imec/other/dl4ms/chu06/public/data/simulation_sequential_trace_data_DDA_3targets_rx16_500/",
        "geometry":{
            "ranges": [512,896,1],
            "resolution": [0.673828125,0.2],
            "size": 3
        },
        "statistics":{
            "input_mean":[1.2876423183727417e-12, -2.4597203345856114e-12, -3.5271625994004377e-13, 
            1.505265720988351e-12, 6.710879392338512e-13, 3.9306383668724634e-14, 9.323897903702662e-12, 
            3.2361067379407457e-12, 6.028992662369341e-12, -5.775512782759361e-12, -2.5929063912513792e-12, 
            1.2465773465558661e-12, 5.327768402152303e-12, 5.4830508404543796e-12, 2.515055199178587e-12, 
            -7.793528948010688e-12, -3.952565246997421e-12, -2.3719242834625192e-12, 1.3470503324440087e-12, 
            6.324063581565186e-13, 1.113494597904368e-12, 3.334823918719294e-12, 5.794491201937353e-12, 
            8.652579183742251e-13, -3.2653852810181523e-12, -1.0235758719019834e-12, -2.7587668929352804e-12, 
            5.451022257380901e-12, 6.874952364127259e-13, -4.506573642688514e-12, -2.3319114371683074e-12, 4.259743168497174e-12],
            "input_std":[ 44039038.72659534, 44264224.335361674, 43964360.09270422, 44093909.92101634, 
            44215559.48357002, 44454783.16797356, 44478635.35008689, 44453623.27032805, 44745593.31360881, 
            44793439.28745746, 44534484.79523499, 44784704.035326265, 44885617.931364775, 44537680.25269281, 
            44911165.10352579, 44701569.774391584, 44855699.38383572, 44588233.05758732, 44930554.56304976, 
            44823838.931697056, 44689327.20177963, 44454926.75323719, 44422192.2484901, 44477843.8338962, 
            44192395.436552115, 44095473.95984841, 44331493.12989194, 44081436.5975156, 44007625.26718174, 
            44323363.577068254, 43973101.605742365, 44208182.875574835],
            "reg_mean":[1.3113716083738989, 0.3050107959198861],
            "reg_std":[2.3273345337664537, 0.6910196888415737]
        }
    },
    "losses": {
        "fct":"PixorLoss",
        "classification": "FocalLoss",
        "regression": "smoothL1Loss",
        "weight": [1,100,100]
    },
    "lr_scheduler": {
        "step_size": 10,
        "gamma": 0.9
    },
    "optimizer": {
        "lr": 1e-4
    },
    "num_epochs":500,
    "dataloader": {
        "mode":"simulated_sequential",
        "split":[0.7,0.15,0.15],
        "train": {
            "batch_size": 4,
            "num_workers": 4
    	},
        "val": {
            "batch_size": 4,
            "num_workers": 4
        },
        "test": {
            "batch_size": 1,
            "num_workers": 1
        }
    },
    "output": {
	"dir": "../"
    }
}
