{
    "name": "FFTRadNet_matlab",
    "seed":3,
    "model": {
        "backbone_block": [3, 6, 6, 3],
        "channels": [32,40,48,56],
        "MIMO_output": 192,
        "DetectionHead": "True",
        "SegmentationHead": "False"
    },
    "dataset": {
        "root_dir": "/media/julien/HD_RADAR1/FinalDataset/radar_v1/RADIal/",
        "geometry":{
            "ranges": [512,896,1],
            "resolution": [0.201171875,0.2],
            "size": 3
        },
        "statistics":{
            "input_mean":[ 6.04876392e-18,  7.85179213e-18, -1.40284919e-17, -4.16442054e-18,
            -1.20224468e-17,  1.13282864e-17, -4.40131872e-18,  5.95579358e-18,
             1.96281251e-17, -9.87833540e-18, -1.84303527e-17, -1.22823843e-17,
            -1.24311233e-17, -5.63839340e-18, -2.30760235e-17, -8.89181307e-19,
             1.01042221e-17, -1.28837777e-17,  4.92227786e-19,  2.39527365e-18,
            -9.19403442e-18, -1.26705287e-17,  8.67293975e-18,  1.67815523e-17,
            -9.00890690e-18, -7.58019949e-18, -7.94747297e-18,  7.55201023e-18,
            -5.38611311e-18,  4.19125455e-18,  1.84829365e-17, -7.93988356e-18],
            "input_std":[4.86712026e-17, 4.25261760e-17, 6.66996244e-17, 1.06255829e-16,
            7.00082235e-17, 6.88159568e-17, 8.45562715e-17, 5.86638913e-17,
            1.81442501e-16, 8.42107053e-17, 1.76966864e-16, 9.11661205e-17,
            1.89628146e-16, 1.17377966e-16, 2.45766114e-16, 5.97152438e-17,
            1.48160306e-16, 1.81783565e-16, 3.26456980e-17, 3.90399061e-17,
            6.42338013e-17, 1.20240583e-16, 4.46724348e-17, 1.40545383e-16,
            1.44235283e-16, 4.44687772e-17, 6.75587347e-17, 5.15242536e-17,
            6.86039541e-17, 4.96344607e-17, 1.00487220e-16, 8.23424415e-17],
            "reg_mean":[0.406471, 0.286667],
            "reg_std":[0.228763, 0.227248]
        }
    },
    "losses": {
        "fct":"PixorLoss",
        "classification": "FocalLoss",
        "regression": "smoothL1Loss",
        "weight": [1,100,100]
    },
    "lr_scheduler": {
        "step_size": 10,
        "gamma": 0.9
    },
    "optimizer": {
        "lr": 1e-4
    },
    "num_epochs":100,
    "dataloader": {
        "mode":"random",
        "split":[0.7,0.15,0.15],
        "train": {
            "batch_size": 4,
            "num_workers": 4
    	},
        "val": {
            "batch_size": 4,
            "num_workers": 4
        },
        "test": {
            "batch_size": 1,
            "num_workers": 1
        }
    },
    "output": {
	"dir": "../"
    }
}
